{
    "name": "root",
    "metadata": {
        "timer_format_version": "0.1.0",
        "start_time_seconds": "1591487056",
        "python_version": "3.7.7 (default, May  6 2020, 11:45:54) [MSC v.1916 64 bit (AMD64)]",
        "command_line_arguments": "C:\\Users\\natha\\Miniconda3\\envs\\tensorflow-gpu\\Scripts\\mlagents-learn config/ppo/Puncher.yaml --run-id=PunchTest --force",
        "mlagents_version": "0.16.1",
        "mlagents_envs_version": "0.16.1",
        "communication_protocol_version": "1.0.0",
        "tensorflow_version": "2.1.0",
        "end_time_seconds": "1591487071"
    },
    "total": 14.348610800000001,
    "count": 1,
    "self": 0.0004173000000022853,
    "children": {
        "run_training.setup": {
            "total": 0.0057043000000001065,
            "count": 1,
            "self": 0.0057043000000001065
        },
        "TrainerController.start_learning": {
            "total": 14.3424892,
            "count": 1,
            "self": 2.5283852000000024,
            "children": {
                "TrainerController._reset_env": {
                    "total": 6.2131018,
                    "count": 1,
                    "self": 6.2131018
                },
                "TrainerController.advance": {
                    "total": 3.9505864999999947,
                    "count": 172,
                    "self": 0.001962199999990588,
                    "children": {
                        "env_step": {
                            "total": 3.948624300000004,
                            "count": 172,
                            "self": 3.375556600000021,
                            "children": {
                                "SubprocessEnvManager._take_step": {
                                    "total": 0.5709753999999858,
                                    "count": 172,
                                    "self": 0.00506099999996934,
                                    "children": {
                                        "NNPolicy.evaluate": {
                                            "total": 0.5659144000000165,
                                            "count": 171,
                                            "self": 0.5659144000000165
                                        }
                                    }
                                },
                                "workers": {
                                    "total": 0.0020922999999974934,
                                    "count": 171,
                                    "self": 0.0,
                                    "children": {
                                        "worker_root": {
                                            "total": 5.921237199999991,
                                            "count": 171,
                                            "is_parallel": true,
                                            "self": 2.7420451000000003,
                                            "children": {
                                                "steps_from_proto": {
                                                    "total": 0.0002238999999999436,
                                                    "count": 1,
                                                    "is_parallel": true,
                                                    "self": 8.040000000075764e-05,
                                                    "children": {
                                                        "_process_vector_observation": {
                                                            "total": 0.00014349999999918595,
                                                            "count": 2,
                                                            "is_parallel": true,
                                                            "self": 0.00014349999999918595
                                                        }
                                                    }
                                                },
                                                "UnityEnvironment.step": {
                                                    "total": 3.178968199999991,
                                                    "count": 171,
                                                    "is_parallel": true,
                                                    "self": 0.011795599999990358,
                                                    "children": {
                                                        "UnityEnvironment._generate_step_input": {
                                                            "total": 0.021475199999997585,
                                                            "count": 171,
                                                            "is_parallel": true,
                                                            "self": 0.021475199999997585
                                                        },
                                                        "communicator.exchange": {
                                                            "total": 3.116148600000008,
                                                            "count": 171,
                                                            "is_parallel": true,
                                                            "self": 3.116148600000008
                                                        },
                                                        "steps_from_proto": {
                                                            "total": 0.029548799999995268,
                                                            "count": 171,
                                                            "is_parallel": true,
                                                            "self": 0.012777500000016317,
                                                            "children": {
                                                                "_process_vector_observation": {
                                                                    "total": 0.01677129999997895,
                                                                    "count": 342,
                                                                    "is_parallel": true,
                                                                    "self": 0.01677129999997895
                                                                }
                                                            }
                                                        }
                                                    }
                                                }
                                            }
                                        }
                                    }
                                }
                            }
                        }
                    }
                },
                "trainer_threads": {
                    "total": 1.5300000001161607e-05,
                    "count": 1,
                    "self": 1.5300000001161607e-05,
                    "children": {
                        "thread_root": {
                            "total": 0.0,
                            "count": 0,
                            "is_parallel": true,
                            "self": 0.0,
                            "children": {
                                "trainer_advance": {
                                    "total": 3.969666200000015,
                                    "count": 1947,
                                    "is_parallel": true,
                                    "self": 0.05605930000003845,
                                    "children": {
                                        "process_trajectory": {
                                            "total": 3.9136068999999765,
                                            "count": 1947,
                                            "is_parallel": true,