{"count":1,"self":8.1117952,"total":27.618801899999998,"children":{"AgentSendState":{"count":10034,"self":0.6606892,"total":1.4383819,"children":{"CollectObservations":{"count":24084,"self":0.16891589999999998,"total":0.16891589999999998,"children":null},"CollectDiscreteActionMasks":{"count":24084,"self":0.103006,"total":0.103006,"children":null},"AgentInfo.ToProto":{"count":24084,"self":0.2938611,"total":0.5057708,"children":{"GenerateSensorData":{"count":24084,"self":0.21190969999999998,"total":0.21190969999999998,"children":null}}}}},"DecideAction":{"count":10034,"self":17.6387744,"total":17.638774599999998,"children":null},"AgentAct":{"count":10034,"self":0.3998605,"total":0.4288508,"children":{"AgentInfo.ToProto":{"count":987,"self":0.012992199999999999,"total":0.0289903,"children":{"GenerateSensorData":{"count":987,"self":0.015998099999999998,"total":0.015998099999999998,"children":null}}}}}},"gauges":{"3DBall.CumulativeReward":{"count":987,"max":5.599996,"min":0.100000165,"runningAverage":1.40060735,"value":0.500000238,"weightedAverage":1.0048573}},"metadata":{"timer_format_version":"0.1.0","start_time_seconds":"1589413124","unity_version":"2018.4.17f1","command_line_arguments":"J:\\Unity_ML\\Editor\\Unity.exe","communication_protocol_version":"1.0.0","com.unity.ml-agents_version":"1.0.0-preview","scene_name":"3DBall","end_time_seconds":"1589413152"}}