{"count":1,"self":27.2365408,"total":27.6762287,"children":{"AgentSendState":{"count":1162,"self":0.0069968,"total":0.011996099999999999,"children":{"CollectObservations":{"count":2796,"self":0.0039997999999999995,"total":0.0039997999999999995,"children":null},"CollectDiscreteActionMasks":{"count":2796,"self":0.0009995,"total":0.0009995,"children":null}}},"DecideAction":{"count":1162,"self":0.3777044,"total":0.3777044,"children":null},"AgentAct":{"count":1162,"self":0.048985999999999995,"total":0.048985999999999995,"children":null}},"gauges":{"3DBallHard.CumulativeReward":{"count":1,"max":0.400000244,"min":0.400000244,"runningAverage":0.400000244,"value":0.400000244,"weightedAverage":0.400000244}},"metadata":{"timer_format_version":"0.1.0","start_time_seconds":"1589336817","unity_version":"2018.4.17f1","command_line_arguments":"J:\\Unity_ML\\Editor\\Unity.exe","communication_protocol_version":"1.0.0","com.unity.ml-agents_version":"1.0.0-preview","scene_name":"3DBallHard","end_time_seconds":"1589336845"}}