{
    "name": "root",
    "gauges": {
        "Walker.Policy.Entropy.mean": {
            "value": 1.354029655456543,
            "min": 1.3130310773849487,
            "max": 1.4296387434005737,
            "count": 131
        },
        "Walker.Environment.EpisodeLength.mean": {
            "value": 34.935483870967744,
            "min": 17.043243243243243,
            "max": 35.97047970479705,
            "count": 131
        },
        "Walker.Policy.ExtrinsicValueEstimate.mean": {
            "value": 8.804346084594727,
            "min": -0.7698370218276978,
            "max": 9.260379791259766,
            "count": 131
        },
        "Walker.Environment.CumulativeReward.mean": {
            "value": 13.24590421406599,
            "min": -1.8582696481355692,
            "max": 13.733954990413826,
            "count": 131
        },
        "Walker.Policy.ExtrinsicReward.mean": {
            "value": 13.24590421406599,
            "min": -1.8582696481355692,
            "max": 13.733954990413826,
            "count": 131
        },
        "Walker.Losses.ValueLoss.mean": {
            "value": 9.594533920288086,
            "min": 0.7210520505905151,
            "max": 11.860797882080078,
            "count": 125
        },
        "Walker.Losses.PolicyLoss.mean": {
            "value": 0.3500853180885315,
            "min": 0.12962371110916138,
            "max": 1.0066263675689697,
            "count": 125
        },
        "Walker.Policy.LearningRate.mean": {
            "value": 0.0026098336093127728,
            "min": 0.0026098336093127728,
            "max": 0.0029982710257172585,
            "count": 125
        },
        "Walker.Policy.Epsilon.mean": {
            "value": 0.1869944930076599,
            "min": 0.1869944930076599,
            "max": 0.1999424248933792,
            "count": 125
        },
        "Walker.Policy.Beta.mean": {
            "value": 0.004351022187620401,
            "min": 0.004351022187620401,
            "max": 0.0049971239641308784,
            "count": 125
        },
        "Walker.IsTraining.mean": {
            "value": 1.0,
            "min": 1.0,
            "max": 1.0,
            "count": 131
        }
    },
    "metadata": {
        "timer_format_version": "0.1.0",
        "start_time_seconds": "1589577161",
        "python_version": "3.6.7 |Anaconda, Inc.| (default, Oct 28 2018, 19:44:12) [MSC v.1915 64 bit (AMD64)]",
        "command_line_arguments": "C:\\Users\\natha\\Miniconda3\\Scripts\\mlagents-learn config/ppo/Walker.yaml --run-id=crawler1",
        "mlagents_version": "0.17.0.dev0",
        "mlagents_envs_version": "0.17.0.dev0",
        "communication_protocol_version": "1.0.0",
        "tensorflow_version": "1.7.1",
        "end_time_seconds": "1589580231"
    },
    "total": 3070.1334232,
    "count": 1,
    "self": 0.004313200000069628,
    "children": {
        "run_training.setup": {
            "total": 0.0062211,
            "count": 1,
            "self": 0.0062211
        },
        "TrainerController.start_learning": {
            "total": 3070.1228889,
            "count": 1,
            "self": 72.9926959999284,
            "children": {
                "TrainerController._reset_env": {
                    "total": 7.3112265999999995,
                    "count": 1,
                    "self": 7.3112265999999995
                },
                "TrainerController.advance": {
                    "total": 2987.722419600071,
                    "count": 220975,
                    "self": 2.5592286001428874,
                    "children": {
                        "env_step": {
                            "total": 2985.1631909999282,
                            "count": 220975,
                            "self": 2744.7575523999076,
                            "children": {
                                "SubprocessEnvManager._take_step": {
                                    "total": 237.0937281000033,
                                    "count": 220975,
                                    "self": 7.852928199914487,
                                    "children": {
                                        "NNPolicy.evaluate": {
                                            "total": 229.2407999000888,
                                            "count": 187447,
                                            "self": 229.2407999000888
                                        }
                                    }
                                },
                                "workers": {
                                    "total": 3.31191050001725,
                                    "count": 220974,
                                    "self": 0.0,
                                    "children": {
                                        "worker_root": {
                                            "total": 3055.873017399925,
                                            "count": 220974,
                                            "is_parallel": true,
                                            "self": 657.9842936999617,
                                            "children": {
                                                "steps_from_proto": {
                                                    "total": 0.0006954999999999999,
                                                    "count": 1,
                                                    "is_parallel": true,
                                                    "self": 0.00011989999999999993,
                                                    "children": {
                                                        "_process_vector_observation": {
                                                            "total": 0.0005756,
                                                            "count": 2,
                                                            "is_parallel": true,
                                                            "self": 0.0005756
                                                        }
                                                    }
                                                },
                                                "UnityEnvironment.step": {
                                                    "total": 2397.8880281999636,
                                                    "count": 220974,
                                                    "is_parallel": true,
                                                    "self": 30.69943279983454,
                                                    "children": {
                                                        "UnityEnvironment._generate_step_input": {
                                                            "total": 30.014498500060228,
                                                            "count": 220974,
                                                            "is_parallel": true,
                                                            "self": 30.014498500060228
                                                        },
                                                        "communicator.exchange": {
                                                            "total": 2235.200860800065,
                                                            "count": 220974,
                                                            "is_parallel": true,
                                                            "self": 2235.200860800065
                                                        },
                                                        "steps_from_proto": {
                                                            "total": 101.97323610000387,
                                                            "count": 220974,
                                                            "is_parallel": true,
                                                            "self": 19.064889599990863,