{
    "name": "root",
    "gauges": {
        "Walker.Policy.Entropy.mean": {
            "value": 1.4098073244094849,
            "min": 1.4098073244094849,
            "max": 1.4189386367797852,
            "count": 200
        },
        "Walker.Environment.EpisodeLength.mean": {
            "value": 26.3302752293578,
            "min": 22.64566929133858,
            "max": 28.225490196078432,
            "count": 200
        },
        "Walker.Policy.ExtrinsicValueEstimate.mean": {
            "value": -2.432819366455078,
            "min": -3.43963623046875,
            "max": 0.15753555297851562,
            "count": 200
        },
        "Walker.Environment.CumulativeReward.mean": {
            "value": -1.8311932220918323,
            "min": -6.321777530511221,
            "max": -1.279929443069224,
            "count": 200
        },
        "Walker.Policy.ExtrinsicReward.mean": {
            "value": -1.8311932220918323,
            "min": -6.321777530511221,
            "max": -1.279929443069224,
            "count": 200
        },
        "Walker.IsTraining.mean": {
            "value": 1.0,
            "min": 1.0,
            "max": 1.0,
            "count": 200
        },
        "Walker.Losses.ValueLoss.mean": {
            "value": 2.317925453186035,
            "min": 2.0394270420074463,
            "max": 9.962173461914062,
            "count": 29
        },
        "Walker.Losses.PolicyLoss.mean": {
            "value": 0.01305065955966711,
            "min": 0.012162874452769756,
            "max": 0.036873672157526016,
            "count": 29
        },
        "Walker.Policy.LearningRate.mean": {
            "value": 2.8185995688545518e-06,
            "min": 2.8185995688545518e-06,
            "max": 0.0002897465310525149,
            "count": 29
        },
        "Walker.Policy.Epsilon.mean": {
            "value": 0.10093950480222702,
            "min": 0.10093950480222702,
            "max": 0.19658218324184418,
            "count": 29
        },
        "Walker.Policy.Beta.mean": {
            "value": 5.6881071941461414e-05,
            "min": 5.6881071941461414e-05,
            "max": 0.004829450510442257,
            "count": 29
        }
    },
    "metadata": {
        "timer_format_version": "0.1.0",
        "start_time_seconds": "1589497154",
        "python_version": "3.6.7 |Anaconda, Inc.| (default, Oct 28 2018, 19:44:12) [MSC v.1915 64 bit (AMD64)]",
        "command_line_arguments": "C:\\Users\\natha\\Miniconda3\\Scripts\\mlagents-learn config/ppo/Walker.yaml --run-id=walker_T8",
        "mlagents_version": "0.17.0.dev0",
        "mlagents_envs_version": "0.17.0.dev0",
        "communication_protocol_version": "1.0.0",
        "tensorflow_version": "1.7.1",
        "end_time_seconds": "1589498282"
    },
    "total": 1127.4431596,
    "count": 1,
    "self": 0.19681070000001455,
    "children": {
        "run_training.setup": {
            "total": 0.0061362000000000005,
            "count": 1,
            "self": 0.0061362000000000005
        },
        "TrainerController.start_learning": {
            "total": 1127.2402127,
            "count": 1,
            "self": 45.594822500010196,
            "children": {
                "TrainerController._reset_env": {
                    "total": 9.0660138,
                    "count": 1,
                    "self": 9.0660138
                },
                "TrainerController.advance": {
                    "total": 1071.8346847999899,
                    "count": 117925,
                    "self": 1.2810893999940163,
                    "children": {
                        "env_step": {
                            "total": 1070.5535953999959,
                            "count": 117925,
                            "self": 994.5500568000284,
                            "children": {
                                "SubprocessEnvManager._take_step": {
                                    "total": 74.44683949998509,
                                    "count": 117925,
                                    "self": 3.076803299982487,
                                    "children": {
                                        "NNPolicy.evaluate": {
                                            "total": 71.3700362000026,
                                            "count": 100019,
                                            "self": 71.3700362000026
                                        }
                                    }
                                },
                                "workers": {
                                    "total": 1.5566990999823975,
                                    "count": 117925,
                                    "self": 0.0,
                                    "children": {
                                        "worker_root": {
                                            "total": 1114.8225684999989,
                                            "count": 117925,
                                            "is_parallel": true,
                                            "self": 285.05472469997426,
                                            "children": {
                                                "steps_from_proto": {
                                                    "total": 0.0004776,
                                                    "count": 1,
                                                    "is_parallel": true,
                                                    "self": 9.309999999999999e-05,
                                                    "children": {
                                                        "_process_vector_observation": {
                                                            "total": 0.0003845,
                                                            "count": 2,
                                                            "is_parallel": true,
                                                            "self": 0.0003845
                                                        }
                                                    }
                                                },
                                                "UnityEnvironment.step": {
                                                    "total": 829.7673662000246,
                                                    "count": 117925,
                                                    "is_parallel": true,
                                                    "self": 14.21051020004927,
                                                    "children": {
                                                        "UnityEnvironment._generate_step_input": {
                                                            "total": 13.508103900010271,
                                                            "count": 117925,
                                                            "is_parallel": true,
                                                            "self": 13.508103900010271
                                                        },
                                                        "communicator.exchange": {
                                                            "total": 756.7959900999742,
                                                            "count": 117925,
                                                            "is_parallel": true,
                                                            "self": 756.7959900999742
                                                        },
                                                        "steps_from_proto": {
                                                            "total": 45.25276199999081,
                                                            "count": 117925,
                                                            "is_parallel": true,
                                                            "self": 9.32327510000433,