{
    "name": "root",
    "gauges": {
        "Walker.Policy.Entropy.mean": {
            "value": 0.995302677154541,
            "min": 0.995302677154541,
            "max": 1.4199179410934448,
            "count": 394
        },
        "Walker.Environment.EpisodeLength.mean": {
            "value": 73.43537414965986,
            "min": 46.576190476190476,
            "max": 75.921875,
            "count": 394
        },
        "Walker.Policy.ExtrinsicValueEstimate.mean": {
            "value": 42.412559509277344,
            "min": -1.6939188241958618,
            "max": 42.72636032104492,
            "count": 394
        },
        "Walker.Environment.CumulativeReward.mean": {
            "value": 84.26135840344784,
            "min": -14.85915127569853,
            "max": 84.76940915100556,
            "count": 394
        },
        "Walker.Policy.ExtrinsicReward.mean": {
            "value": 84.26135840344784,
            "min": -14.85915127569853,
            "max": 84.76940915100556,
            "count": 394
        },
        "Walker.IsTraining.mean": {
            "value": 1.0,
            "min": 1.0,
            "max": 1.0,
            "count": 394
        },
        "Walker.Losses.ValueLoss.mean": {
            "value": 23.71099090576172,
            "min": 5.7840375900268555,
            "max": 40.1168098449707,
            "count": 271
        },
        "Walker.Losses.PolicyLoss.mean": {
            "value": 0.13972105085849762,
            "min": 0.07984627783298492,
            "max": 0.21176853775978088,
            "count": 271
        },
        "Walker.Policy.LearningRate.mean": {
            "value": 0.001818068907596171,
            "min": 0.001818068907596171,
            "max": 0.002995466347783804,
            "count": 271
        },
        "Walker.Policy.Epsilon.mean": {
            "value": 0.16060227155685425,
            "min": 0.16060227155685425,
            "max": 0.19984881579875946,
            "count": 271
        },
        "Walker.Policy.Beta.mean": {
            "value": 0.0030340547673404217,
            "min": 0.0030340547673404217,
            "max": 0.004992457572370768,
            "count": 271
        }
    },
    "metadata": {
        "timer_format_version": "0.1.0",
        "start_time_seconds": "1589562090",
        "python_version": "3.6.7 |Anaconda, Inc.| (default, Oct 28 2018, 19:44:12) [MSC v.1915 64 bit (AMD64)]",
        "command_line_arguments": "C:\\Users\\natha\\Miniconda3\\Scripts\\mlagents-learn config/ppo/Walker.yaml --run-id=walker_lanky",
        "mlagents_version": "0.17.0.dev0",
        "mlagents_envs_version": "0.17.0.dev0",
        "communication_protocol_version": "1.0.0",
        "tensorflow_version": "1.7.1",
        "end_time_seconds": "1589568596"
    },
    "total": 6506.295780500001,
    "count": 1,
    "self": 0.013531000000511995,
    "children": {
        "run_training.setup": {
            "total": 0.0088032,
            "count": 1,
            "self": 0.0088032
        },
        "TrainerController.start_learning": {
            "total": 6506.2734463,
            "count": 1,
            "self": 161.72412070020255,
            "children": {
                "TrainerController._reset_env": {
                    "total": 6.0328650999999995,
                    "count": 1,
                    "self": 6.0328650999999995
                },
                "TrainerController.advance": {
                    "total": 6334.3847018997985,
                    "count": 487931,
                    "self": 6.8938961997946535,
                    "children": {
                        "env_step": {
                            "total": 6327.490805700004,
                            "count": 487931,
                            "self": 5733.761002699854,
                            "children": {
                                "SubprocessEnvManager._take_step": {
                                    "total": 586.0858672999672,
                                    "count": 487931,
                                    "self": 20.215185400111977,
                                    "children": {
                                        "NNPolicy.evaluate": {
                                            "total": 565.8706818998552,
                                            "count": 438015,
                                            "self": 565.8706818998552
                                        }
                                    }
                                },
                                "workers": {
                                    "total": 7.6439357001834125,
                                    "count": 487930,
                                    "self": 0.0,
                                    "children": {
                                        "worker_root": {
                                            "total": 6484.076648600292,
                                            "count": 487930,
                                            "is_parallel": true,
                                            "self": 1451.3998246001938,
                                            "children": {
                                                "steps_from_proto": {
                                                    "total": 0.0006651,
                                                    "count": 1,
                                                    "is_parallel": true,
                                                    "self": 0.00010339999999999991,
                                                    "children": {
                                                        "_process_vector_observation": {
                                                            "total": 0.0005617,
                                                            "count": 2,
                                                            "is_parallel": true,
                                                            "self": 0.0005617
                                                        }
                                                    }
                                                },
                                                "UnityEnvironment.step": {
                                                    "total": 5032.676158900098,
                                                    "count": 487930,
                                                    "is_parallel": true,
                                                    "self": 79.90760230007345,
                                                    "children": {
                                                        "UnityEnvironment._generate_step_input": {
                                                            "total": 89.34994780001892,
                                                            "count": 487930,
                                                            "is_parallel": true,
                                                            "self": 89.34994780001892
                                                        },
                                                        "communicator.exchange": {
                                                            "total": 4579.676927399968,
                                                            "count": 487930,
                                                            "is_parallel": true,
                                                            "self": 4579.676927399968
                                                        },
                                                        "steps_from_proto": {
                                                            "total": 283.7416814000377,
                                                            "count": 487930,
                                                            "is_parallel": true,
                                                            "self": 45.676494000021364,