{
    "name": "root",
    "gauges": {
        "Walker.Policy.Entropy.mean": {
            "value": 1.3668583631515503,
            "min": 1.3668582439422607,
            "max": 1.4503889083862305,
            "count": 200
        },
        "Walker.Environment.EpisodeLength.mean": {
            "value": 29.979166666666668,
            "min": 21.05839416058394,
            "max": 31.866071428571427,
            "count": 200
        },
        "Walker.Policy.ExtrinsicValueEstimate.mean": {
            "value": 2.077775716781616,
            "min": -3.0965538024902344,
            "max": 2.291152238845825,
            "count": 200
        },
        "Walker.Environment.CumulativeReward.mean": {
            "value": 6.464628332054492,
            "min": -6.398654740080874,
            "max": 7.141506662073824,
            "count": 200
        },
        "Walker.Policy.ExtrinsicReward.mean": {
            "value": 6.464628332054492,
            "min": -6.398654740080874,
            "max": 7.141506662073824,
            "count": 200
        },
        "Walker.IsTraining.mean": {
            "value": 1.0,
            "min": 1.0,
            "max": 1.0,
            "count": 200
        },
        "Walker.Losses.ValueLoss.mean": {
            "value": 3.3265762329101562,
            "min": 1.3796402215957642,
            "max": 9.719679832458496,
            "count": 70
        },
        "Walker.Losses.PolicyLoss.mean": {
            "value": 0.19413083791732788,
            "min": 0.1596946120262146,
            "max": 0.9707506895065308,
            "count": 70
        },
        "Walker.Policy.LearningRate.mean": {
            "value": 3.883509270963259e-05,
            "min": 3.883509270963259e-05,
            "max": 0.002960334299132228,
            "count": 70
        },
        "Walker.Policy.Epsilon.mean": {
            "value": 0.10129450261592865,
            "min": 0.10129450261592865,
            "max": 0.19867786765098572,
            "count": 70
        },
        "Walker.Policy.Beta.mean": {
            "value": 7.459552580257878e-05,
            "min": 7.459552580257878e-05,
            "max": 0.004934023600071669,
            "count": 70
        }
    },
    "metadata": {
        "timer_format_version": "0.1.0",
        "start_time_seconds": "1589502813",
        "python_version": "3.6.7 |Anaconda, Inc.| (default, Oct 28 2018, 19:44:12) [MSC v.1915 64 bit (AMD64)]",
        "command_line_arguments": "C:\\Users\\natha\\Miniconda3\\Scripts\\mlagents-learn config/ppo/Walker.yaml --run-id=walker_T11",
        "mlagents_version": "0.17.0.dev0",
        "mlagents_envs_version": "0.17.0.dev0",
        "communication_protocol_version": "1.0.0",
        "tensorflow_version": "1.7.1",
        "end_time_seconds": "1589504066"
    },
    "total": 1252.8434958,
    "count": 1,
    "self": 0.18323669999995218,
    "children": {
        "run_training.setup": {
            "total": 0.0062185,
            "count": 1,
            "self": 0.0062185
        },
        "TrainerController.start_learning": {
            "total": 1252.6540406000001,
            "count": 1,
            "self": 37.502460000006295,
            "children": {
                "TrainerController._reset_env": {
                    "total": 6.8867512,
                    "count": 1,
                    "self": 6.8867512
                },
                "TrainerController.advance": {
                    "total": 1207.111508999994,
                    "count": 117815,
                    "self": 1.2708006999882855,
                    "children": {
                        "env_step": {
                            "total": 1205.8407083000056,
                            "count": 117815,
                            "self": 1093.5656716999808,
                            "children": {
                                "SubprocessEnvManager._take_step": {
                                    "total": 110.6981069999947,
                                    "count": 117815,
                                    "self": 3.799441399972622,
                                    "children": {
                                        "NNPolicy.evaluate": {
                                            "total": 106.89866560002208,
                                            "count": 100021,
                                            "self": 106.89866560002208
                                        }
                                    }
                                },
                                "workers": {
                                    "total": 1.5769296000301605,
                                    "count": 117815,
                                    "self": 0.0,
                                    "children": {
                                        "worker_root": {
                                            "total": 1241.9976812000118,
                                            "count": 117815,
                                            "is_parallel": true,
                                            "self": 387.674346699971,
                                            "children": {
                                                "steps_from_proto": {
                                                    "total": 0.0004623,
                                                    "count": 1,
                                                    "is_parallel": true,
                                                    "self": 8.900000000000005e-05,
                                                    "children": {
                                                        "_process_vector_observation": {
                                                            "total": 0.00037329999999999997,
                                                            "count": 2,
                                                            "is_parallel": true,
                                                            "self": 0.00037329999999999997
                                                        }
                                                    }
                                                },
                                                "UnityEnvironment.step": {
                                                    "total": 854.3228722000408,
                                                    "count": 117815,
                                                    "is_parallel": true,
                                                    "self": 13.930368000094404,
                                                    "children": {
                                                        "UnityEnvironment._generate_step_input": {
                                                            "total": 13.418066199972213,
                                                            "count": 117815,
                                                            "is_parallel": true,
                                                            "self": 13.418066199972213
                                                        },
                                                        "communicator.exchange": {
                                                            "total": 780.1819560999788,
                                                            "count": 117815,
                                                            "is_parallel": true,
                                                            "self": 780.1819560999788
                                                        },
                                                        "steps_from_proto": {
                                                            "total": 46.79248189999538,
                                                            "count": 117815,
                                                            "is_parallel": true,
                                                            "self": 9.571116999951379,