{
    "name": "root",
    "gauges": {
        "Walker.Policy.Entropy.mean": {
            "value": 2.013049840927124,
            "min": 1.418938398361206,
            "max": 2.0143227577209473,
            "count": 200
        },
        "Walker.Environment.EpisodeLength.mean": {
            "value": 19.013333333333332,
            "min": 7.746355685131196,
            "max": 24.586206896551722,
            "count": 200
        },
        "Walker.Policy.ExtrinsicValueEstimate.mean": {
            "value": -1.1707360744476318,
            "min": -1.5728830099105835,
            "max": -0.03494847193360329,
            "count": 200
        },
        "Walker.Environment.CumulativeReward.mean": {
            "value": -0.11753997166951498,
            "min": -5.920828272084721,
            "max": 1.5928980370185204,
            "count": 200
        },
        "Walker.Policy.ExtrinsicReward.mean": {
            "value": -0.11753997166951498,
            "min": -5.920828272084721,
            "max": 1.5928980370185204,
            "count": 200
        },
        "Walker.IsTraining.mean": {
            "value": 1.0,
            "min": 1.0,
            "max": 1.0,
            "count": 200
        },
        "Walker.Losses.ValueLoss.mean": {
            "value": 1.216898798942566,
            "min": 0.23101596534252167,
            "max": 13.267261505126953,
            "count": 29
        },
        "Walker.Losses.PolicyLoss.mean": {
            "value": 0.3151150047779083,
            "min": 0.2500244379043579,
            "max": 0.344486266374588,
            "count": 29
        },
        "Walker.Policy.LearningRate.mean": {
            "value": 0.0002929008915089071,
            "min": 0.0002929008915089071,
            "max": 0.0289751049131155,
            "count": 29
        },
        "Walker.Policy.Epsilon.mean": {
            "value": 0.10097631812095642,
            "min": 0.10097631812095642,
            "max": 0.19658368825912476,
            "count": 29
        },
        "Walker.Policy.Beta.mean": {
            "value": 5.871917164768092e-05,
            "min": 5.871917164768092e-05,
            "max": 0.004829525016248226,
            "count": 29
        }
    },
    "metadata": {
        "timer_format_version": "0.1.0",
        "start_time_seconds": "1589499478",
        "python_version": "3.6.7 |Anaconda, Inc.| (default, Oct 28 2018, 19:44:12) [MSC v.1915 64 bit (AMD64)]",
        "command_line_arguments": "C:\\Users\\natha\\Miniconda3\\Scripts\\mlagents-learn config/ppo/Walker.yaml --run-id=walker_T9",
        "mlagents_version": "0.17.0.dev0",
        "mlagents_envs_version": "0.17.0.dev0",
        "communication_protocol_version": "1.0.0",
        "tensorflow_version": "1.7.1",
        "end_time_seconds": "1589500614"
    },
    "total": 1136.7960948999998,
    "count": 1,
    "self": 0.18544269999983953,
    "children": {
        "run_training.setup": {
            "total": 0.0061894,
            "count": 1,
            "self": 0.0061894
        },
        "TrainerController.start_learning": {
            "total": 1136.6044628,
            "count": 1,
            "self": 44.729292400001896,
            "children": {
                "TrainerController._reset_env": {
                    "total": 5.850823,
                    "count": 1,
                    "self": 5.850823
                },
                "TrainerController.advance": {
                    "total": 1085.2873964999978,
                    "count": 135460,
                    "self": 1.3359923999785224,
                    "children": {
                        "env_step": {
                            "total": 1083.9514041000193,
                            "count": 135460,
                            "self": 1013.3277416000235,
                            "children": {
                                "SubprocessEnvManager._take_step": {
                                    "total": 68.94491770000947,
                                    "count": 135460,
                                    "self": 3.178267200003134,
                                    "children": {
                                        "NNPolicy.evaluate": {
                                            "total": 65.76665050000634,
                                            "count": 100012,
                                            "self": 65.76665050000634
                                        }
                                    }
                                },
                                "workers": {
                                    "total": 1.6787447999863039,
                                    "count": 135460,
                                    "self": 0.0,
                                    "children": {
                                        "worker_root": {
                                            "total": 1126.9617763000147,
                                            "count": 135460,
                                            "is_parallel": true,
                                            "self": 303.6012650000314,
                                            "children": {
                                                "steps_from_proto": {
                                                    "total": 0.0005897000000000001,
                                                    "count": 1,
                                                    "is_parallel": true,
                                                    "self": 9.219999999999996e-05,
                                                    "children": {
                                                        "_process_vector_observation": {
                                                            "total": 0.0004975000000000001,
                                                            "count": 2,
                                                            "is_parallel": true,
                                                            "self": 0.0004975000000000001
                                                        }
                                                    }
                                                },
                                                "UnityEnvironment.step": {
                                                    "total": 823.3599215999833,
                                                    "count": 135460,
                                                    "is_parallel": true,
                                                    "self": 14.772428499979242,
                                                    "children": {
                                                        "UnityEnvironment._generate_step_input": {
                                                            "total": 13.273453700008892,
                                                            "count": 135460,
                                                            "is_parallel": true,
                                                            "self": 13.273453700008892
                                                        },
                                                        "communicator.exchange": {
                                                            "total": 746.4044369000217,
                                                            "count": 135460,
                                                            "is_parallel": true,
                                                            "self": 746.4044369000217
                                                        },
                                                        "steps_from_proto": {
                                                            "total": 48.90960249997354,
                                                            "count": 135460,
                                                            "is_parallel": true,
                                                            "self": 10.56753409995158,