{
    "name": "root",
    "gauges": {
        "Walker.Policy.Entropy.mean": {
            "value": 1.1633169651031494,
            "min": 1.1633169651031494,
            "max": 1.4189386367797852,
            "count": 3117
        },
        "Walker.Environment.EpisodeLength.mean": {
            "value": 744.5,
            "min": 22.52755905511811,
            "max": 999.0,
            "count": 3117
        },
        "Walker.Policy.ExtrinsicValueEstimate.mean": {
            "value": 317.6969299316406,
            "min": -3.3341290950775146,
            "max": 330.9809265136719,
            "count": 3117
        },
        "Walker.Environment.CumulativeReward.mean": {
            "value": 1685.1714477539062,
            "min": -6.020892323109141,
            "max": 2201.7024739583335,
            "count": 3117
        },
        "Walker.Policy.ExtrinsicReward.mean": {
            "value": 1685.1714477539062,
            "min": -6.020892323109141,
            "max": 2201.7024739583335,
            "count": 3117
        },
        "Walker.IsTraining.mean": {
            "value": 1.0,
            "min": 1.0,
            "max": 1.0,
            "count": 3117
        },
        "Walker.Losses.ValueLoss.mean": {
            "value": 248.81646728515625,
            "min": 1.5715357065200806,
            "max": 407.7735900878906,
            "count": 451
        },
        "Walker.Losses.PolicyLoss.mean": {
            "value": 0.019825845956802368,
            "min": 0.014701634645462036,
            "max": 0.045495323836803436,
            "count": 451
        },
        "Walker.Policy.LearningRate.mean": {
            "value": 0.00015980374882929027,
            "min": 0.00015980374882929027,
            "max": 0.00029969276511110365,
            "count": 451
        },
        "Walker.Policy.Epsilon.mean": {
            "value": 0.15326789021492004,
            "min": 0.15326789021492004,
            "max": 0.1998976171016693,
            "count": 451
        },
        "Walker.Policy.Beta.mean": {
            "value": 0.0026680678129196167,
            "min": 0.0026680678129196167,
            "max": 0.004994888324290514,
            "count": 451
        }
    },
    "metadata": {
        "timer_format_version": "0.1.0",
        "start_time_seconds": "1589443991",
        "python_version": "3.6.7 |Anaconda, Inc.| (default, Oct 28 2018, 19:44:12) [MSC v.1915 64 bit (AMD64)]",
        "command_line_arguments": "C:\\Users\\natha\\Miniconda3\\Scripts\\mlagents-learn config/ppo/Walker.yaml --run-id=walker_T1",
        "mlagents_version": "0.17.0.dev0",
        "mlagents_envs_version": "0.17.0.dev0",
        "communication_protocol_version": "1.0.0",
        "tensorflow_version": "1.7.1",
        "end_time_seconds": "1589469375"
    },
    "total": 25383.335077699998,
    "count": 1,
    "self": 0.004127599993807962,
    "children": {
        "run_training.setup": {
            "total": 0.0059905,
            "count": 1,
            "self": 0.0059905
        },
        "TrainerController.start_learning": {
            "total": 25383.324959600002,
            "count": 1,
            "self": 956.2672183018876,
            "children": {
                "TrainerController._reset_env": {
                    "total": 5.8198782,
                    "count": 1,
                    "self": 5.8198782
                },
                "TrainerController.advance": {
                    "total": 24398.43198739811,
                    "count": 3198195,
                    "self": 29.771551999372605,
                    "children": {
                        "env_step": {
                            "total": 24368.66043539874,
                            "count": 3198195,
                            "self": 20920.742848398255,
                            "children": {
                                "SubprocessEnvManager._take_step": {
                                    "total": 3410.752470899741,
                                    "count": 3198195,
                                    "self": 78.58057050296202,
                                    "children": {
                                        "NNPolicy.evaluate": {
                                            "total": 3332.171900396779,
                                            "count": 3117725,
                                            "self": 3332.171900396779
                                        }
                                    }
                                },
                                "workers": {
                                    "total": 37.16511610074139,
                                    "count": 3198194,
                                    "self": 0.0,
                                    "children": {
                                        "worker_root": {
                                            "total": 25306.724480401856,
                                            "count": 3198194,
                                            "is_parallel": true,
                                            "self": 7790.150229099356,
                                            "children": {
                                                "steps_from_proto": {
                                                    "total": 0.0003513,
                                                    "count": 1,
                                                    "is_parallel": true,
                                                    "self": 8.91e-05,
                                                    "children": {
                                                        "_process_vector_observation": {
                                                            "total": 0.0002622,
                                                            "count": 2,
                                                            "is_parallel": true,
                                                            "self": 0.0002622
                                                        }
                                                    }
                                                },
                                                "UnityEnvironment.step": {
                                                    "total": 17516.5739000025,
                                                    "count": 3198194,
                                                    "is_parallel": true,
                                                    "self": 276.1265190058184,
                                                    "children": {
                                                        "UnityEnvironment._generate_step_input": {
                                                            "total": 249.71470639830267,
                                                            "count": 3198194,
                                                            "is_parallel": true,
                                                            "self": 249.71470639830267
                                                        },
                                                        "communicator.exchange": {
                                                            "total": 16161.0607333996,
                                                            "count": 3198194,
                                                            "is_parallel": true,
                                                            "self": 16161.0607333996
                                                        },
                                                        "steps_from_proto": {
                                                            "total": 829.6719411987815,
                                                            "count": 3198194,
                                                            "is_parallel": true,
                                                            "self": 228.226421696476,