{
    "name": "root",
    "gauges": {
        "Walker.Policy.Entropy.mean": {
            "value": 1.400986909866333,
            "min": 1.400986909866333,
            "max": 1.4247797727584839,
            "count": 200
        },
        "Walker.Environment.EpisodeLength.mean": {
            "value": 30.827956989247312,
            "min": 22.231292517006803,
            "max": 32.32222222222222,
            "count": 200
        },
        "Walker.Policy.ExtrinsicValueEstimate.mean": {
            "value": 1.5149203538894653,
            "min": -2.777177333831787,
            "max": 1.5149203538894653,
            "count": 200
        },
        "Walker.Environment.CumulativeReward.mean": {
            "value": 6.185421671005005,
            "min": -6.383117407055225,
            "max": 6.570869994552239,
            "count": 200
        },
        "Walker.Policy.ExtrinsicReward.mean": {
            "value": 6.185421671005005,
            "min": -6.383117407055225,
            "max": 6.570869994552239,
            "count": 200
        },
        "Walker.IsTraining.mean": {
            "value": 1.0,
            "min": 1.0,
            "max": 1.0,
            "count": 200
        },
        "Walker.Losses.ValueLoss.mean": {
            "value": 3.7791528701782227,
            "min": 1.6176377534866333,
            "max": 10.971039772033691,
            "count": 29
        },
        "Walker.Losses.PolicyLoss.mean": {
            "value": 0.021755477413535118,
            "min": 0.021755477413535118,
            "max": 0.13316316902637482,
            "count": 29
        },
        "Walker.Policy.LearningRate.mean": {
            "value": 2.798501736833714e-05,
            "min": 2.798501736833714e-05,
            "max": 0.0028975396417081356,
            "count": 29
        },
        "Walker.Policy.Epsilon.mean": {
            "value": 0.10093282908201218,
            "min": 0.10093282908201218,
            "max": 0.19658467173576355,
            "count": 29
        },
        "Walker.Policy.Beta.mean": {
            "value": 5.654825145029463e-05,
            "min": 5.654825145029463e-05,
            "max": 0.004829574842005968,
            "count": 29
        }
    },
    "metadata": {
        "timer_format_version": "0.1.0",
        "start_time_seconds": "1589494231",
        "python_version": "3.6.7 |Anaconda, Inc.| (default, Oct 28 2018, 19:44:12) [MSC v.1915 64 bit (AMD64)]",
        "command_line_arguments": "C:\\Users\\natha\\Miniconda3\\Scripts\\mlagents-learn config/ppo/Walker.yaml --run-id=walker_T6",
        "mlagents_version": "0.17.0.dev0",
        "mlagents_envs_version": "0.17.0.dev0",
        "communication_protocol_version": "1.0.0",
        "tensorflow_version": "1.7.1",
        "end_time_seconds": "1589495318"
    },
    "total": 1086.9897002,
    "count": 1,
    "self": 0.17599639999980354,
    "children": {
        "run_training.setup": {
            "total": 0.0065856000000000005,
            "count": 1,
            "self": 0.0065856000000000005
        },
        "TrainerController.start_learning": {
            "total": 1086.8071182,
            "count": 1,
            "self": 44.16768540000862,
            "children": {
                "TrainerController._reset_env": {
                    "total": 6.6109038,
                    "count": 1,
                    "self": 6.6109038
                },
                "TrainerController.advance": {
                    "total": 1035.3459438999914,
                    "count": 117020,
                    "self": 1.193648299973347,
                    "children": {
                        "env_step": {
                            "total": 1034.152295600018,
                            "count": 117020,
                            "self": 961.0301179000418,
                            "children": {
                                "SubprocessEnvManager._take_step": {
                                    "total": 71.65319759998467,
                                    "count": 117020,
                                    "self": 2.989432699978124,
                                    "children": {
                                        "NNPolicy.evaluate": {
                                            "total": 68.66376490000654,
                                            "count": 100029,
                                            "self": 68.66376490000654
                                        }
                                    }
                                },
                                "workers": {
                                    "total": 1.468980099991616,
                                    "count": 117020,
                                    "self": 0.0,
                                    "children": {
                                        "worker_root": {
                                            "total": 1076.813870400008,
                                            "count": 117020,
                                            "is_parallel": true,
                                            "self": 276.68781160001606,
                                            "children": {
                                                "steps_from_proto": {
                                                    "total": 0.0004704,
                                                    "count": 1,
                                                    "is_parallel": true,
                                                    "self": 8.880000000000004e-05,
                                                    "children": {
                                                        "_process_vector_observation": {
                                                            "total": 0.00038159999999999995,
                                                            "count": 2,
                                                            "is_parallel": true,
                                                            "self": 0.00038159999999999995
                                                        }
                                                    }
                                                },
                                                "UnityEnvironment.step": {
                                                    "total": 800.1255883999919,
                                                    "count": 117020,
                                                    "is_parallel": true,
                                                    "self": 13.407201299999883,
                                                    "children": {
                                                        "UnityEnvironment._generate_step_input": {
                                                            "total": 12.745991299986947,
                                                            "count": 117020,
                                                            "is_parallel": true,
                                                            "self": 12.745991299986947
                                                        },
                                                        "communicator.exchange": {
                                                            "total": 729.6185400000063,
                                                            "count": 117020,
                                                            "is_parallel": true,
                                                            "self": 729.6185400000063
                                                        },
                                                        "steps_from_proto": {
                                                            "total": 44.35385579999878,
                                                            "count": 117020,
                                                            "is_parallel": true,
                                                            "self": 9.218627299992107,