{
    "name": "root",
    "gauges": {
        "Walker.Policy.Entropy.mean": {
            "value": 1.3803075551986694,
            "min": 1.3803075551986694,
            "max": 1.4553722143173218,
            "count": 60
        },
        "Walker.Environment.EpisodeLength.mean": {
            "value": 26.425414364640883,
            "min": 23.865336658354114,
            "max": 27.30311614730878,
            "count": 60
        },
        "Walker.Policy.ExtrinsicValueEstimate.mean": {
            "value": 1.2609639167785645,
            "min": -3.450915813446045,
            "max": 1.2609639167785645,
            "count": 60
        },
        "Walker.Environment.CumulativeReward.mean": {
            "value": 5.014819571055656,
            "min": -5.696998425034492,
            "max": 5.014819571055656,
            "count": 60
        },
        "Walker.Policy.ExtrinsicReward.mean": {
            "value": 5.014819571055656,
            "min": -5.696998425034492,
            "max": 5.014819571055656,
            "count": 60
        },
        "Walker.Losses.ValueLoss.mean": {
            "value": 2.6230320930480957,
            "min": 1.6247612237930298,
            "max": 9.839715003967285,
            "count": 60
        },
        "Walker.Losses.PolicyLoss.mean": {
            "value": 0.2567369341850281,
            "min": 0.12815266847610474,
            "max": 0.9737501740455627,
            "count": 60
        },
        "Walker.Policy.LearningRate.mean": {
            "value": 2.9435022952384315e-05,
            "min": 2.9435022952384315e-05,
            "max": 0.0029594996012747288,
            "count": 60
        },
        "Walker.Policy.Epsilon.mean": {
            "value": 0.10098118335008621,
            "min": 0.10098118335008621,
            "max": 0.19864997267723083,
            "count": 60
        },
        "Walker.Policy.Beta.mean": {
            "value": 5.896007496630773e-05,
            "min": 5.896007496630773e-05,
            "max": 0.0049326359294354916,
            "count": 60
        },
        "Walker.IsTraining.mean": {
            "value": 1.0,
            "min": 1.0,
            "max": 1.0,
            "count": 60
        }
    },
    "metadata": {
        "timer_format_version": "0.1.0",
        "start_time_seconds": "1589531737",
        "python_version": "3.6.7 |Anaconda, Inc.| (default, Oct 28 2018, 19:44:12) [MSC v.1915 64 bit (AMD64)]",
        "command_line_arguments": "C:\\Users\\natha\\Miniconda3\\Scripts\\mlagents-learn config/ppo/Walker.yaml --run-id=walker_6bois",
        "mlagents_version": "0.17.0.dev0",
        "mlagents_envs_version": "0.17.0.dev0",
        "communication_protocol_version": "1.0.0",
        "tensorflow_version": "1.7.1",
        "end_time_seconds": "1589532964"
    },
    "total": 1227.1676522,
    "count": 1,
    "self": 0.18732090000003154,
    "children": {
        "run_training.setup": {
            "total": 0.0060771,
            "count": 1,
            "self": 0.0060771
        },
        "TrainerController.start_learning": {
            "total": 1226.9742542,
            "count": 1,
            "self": 35.941431700021894,
            "children": {
                "TrainerController._reset_env": {
                    "total": 5.3432563,
                    "count": 1,
                    "self": 5.3432563
                },
                "TrainerController.advance": {
                    "total": 1183.7752348999784,
                    "count": 117773,
                    "self": 1.2916242999790484,
                    "children": {
                        "env_step": {
                            "total": 1182.4836105999993,
                            "count": 117773,
                            "self": 1071.3155850999929,
                            "children": {
                                "SubprocessEnvManager._take_step": {
                                    "total": 109.64147960001219,
                                    "count": 117773,
                                    "self": 3.654224299992947,
                                    "children": {
                                        "NNPolicy.evaluate": {
                                            "total": 105.98725530001924,
                                            "count": 100016,
                                            "self": 105.98725530001924
                                        }
                                    }
                                },
                                "workers": {
                                    "total": 1.5265458999942245,
                                    "count": 117773,
                                    "self": 0.0,
                                    "children": {
                                        "worker_root": {
                                            "total": 1217.96430440003,
                                            "count": 117773,
                                            "is_parallel": true,
                                            "self": 377.300024899999,
                                            "children": {
                                                "steps_from_proto": {
                                                    "total": 0.000468,
                                                    "count": 1,
                                                    "is_parallel": true,
                                                    "self": 9.16e-05,
                                                    "children": {
                                                        "_process_vector_observation": {
                                                            "total": 0.0003764,
                                                            "count": 2,
                                                            "is_parallel": true,
                                                            "self": 0.0003764
                                                        }
                                                    }
                                                },
                                                "UnityEnvironment.step": {
                                                    "total": 840.663811500031,
                                                    "count": 117773,
                                                    "is_parallel": true,
                                                    "self": 13.834677300056342,
                                                    "children": {
                                                        "UnityEnvironment._generate_step_input": {
                                                            "total": 13.212624599960822,
                                                            "count": 117773,
                                                            "is_parallel": true,
                                                            "self": 13.212624599960822
                                                        },
                                                        "communicator.exchange": {
                                                            "total": 767.8337529999983,
                                                            "count": 117773,
                                                            "is_parallel": true,
                                                            "self": 767.8337529999983
                                                        },
                                                        "steps_from_proto": {
                                                            "total": 45.78275660001557,
                                                            "count": 117773,
                                                            "is_parallel": true,
                                                            "self": 9.376990499940838,