{
    "name": "root",
    "gauges": {
        "Walker.Policy.Entropy.mean": {
            "value": 1.3600468635559082,
            "min": 1.3600468635559082,
            "max": 1.4536956548690796,
            "count": 60
        },
        "Walker.Environment.EpisodeLength.mean": {
            "value": 28.620178041543028,
            "min": 21.53153153153153,
            "max": 28.645833333333332,
            "count": 60
        },
        "Walker.Policy.ExtrinsicValueEstimate.mean": {
            "value": 2.0808627605438232,
            "min": -3.2098662853240967,
            "max": 2.0808627605438232,
            "count": 60
        },
        "Walker.Environment.CumulativeReward.mean": {
            "value": 6.724896994295035,
            "min": -5.785516526485025,
            "max": 6.754467005031349,
            "count": 60
        },
        "Walker.Policy.ExtrinsicReward.mean": {
            "value": 6.724896994295035,
            "min": -5.785516526485025,
            "max": 6.754467005031349,
            "count": 60
        },
        "Walker.Losses.ValueLoss.mean": {
            "value": 3.94854474067688,
            "min": 1.553397536277771,
            "max": 10.635844230651855,
            "count": 60
        },
        "Walker.Losses.PolicyLoss.mean": {
            "value": 0.2868143618106842,
            "min": 0.1508290320634842,
            "max": 0.9937724471092224,
            "count": 60
        },
        "Walker.Policy.LearningRate.mean": {
            "value": 1.139501910074614e-05,
            "min": 1.139501910074614e-05,
            "max": 0.00295999925583601,
            "count": 60
        },
        "Walker.Policy.Epsilon.mean": {
            "value": 0.10037985444068909,
            "min": 0.10037985444068909,
            "max": 0.19866663217544556,
            "count": 60
        },
        "Walker.Policy.Beta.mean": {
            "value": 2.895354373322334e-05,
            "min": 2.895354373322334e-05,
            "max": 0.004933466203510761,
            "count": 60
        },
        "Walker.IsTraining.mean": {
            "value": 1.0,
            "min": 1.0,
            "max": 1.0,
            "count": 60
        }
    },
    "metadata": {
        "timer_format_version": "0.1.0",
        "start_time_seconds": "1589509700",
        "python_version": "3.6.7 |Anaconda, Inc.| (default, Oct 28 2018, 19:44:12) [MSC v.1915 64 bit (AMD64)]",
        "command_line_arguments": "C:\\Users\\natha\\Miniconda3\\Scripts\\mlagents-learn config/ppo/Walker.yaml --run-id=walker_T13",
        "mlagents_version": "0.17.0.dev0",
        "mlagents_envs_version": "0.17.0.dev0",
        "communication_protocol_version": "1.0.0",
        "tensorflow_version": "1.7.1",
        "end_time_seconds": "1589510961"
    },
    "total": 1261.5732481,
    "count": 1,
    "self": 0.18390399999998408,
    "children": {
        "run_training.setup": {
            "total": 0.0070697,
            "count": 1,
            "self": 0.0070697
        },
        "TrainerController.start_learning": {
            "total": 1261.3822744,
            "count": 1,
            "self": 36.90611749999994,
            "children": {
                "TrainerController._reset_env": {
                    "total": 7.2860883,
                    "count": 1,
                    "self": 7.2860883
                },
                "TrainerController.advance": {
                    "total": 1215.9719119000001,
                    "count": 118199,
                    "self": 1.2704097999828718,
                    "children": {
                        "env_step": {
                            "total": 1214.7015021000173,
                            "count": 118199,
                            "self": 1101.7360545000045,
                            "children": {
                                "SubprocessEnvManager._take_step": {
                                    "total": 111.36635769999916,
                                    "count": 118199,
                                    "self": 3.728117999980725,
                                    "children": {
                                        "NNPolicy.evaluate": {
                                            "total": 107.63823970001843,
                                            "count": 100016,
                                            "self": 107.63823970001843
                                        }
                                    }
                                },
                                "workers": {
                                    "total": 1.5990899000136984,
                                    "count": 118199,
                                    "self": 0.0,
                                    "children": {
                                        "worker_root": {
                                            "total": 1250.0959747000043,
                                            "count": 118199,
                                            "is_parallel": true,
                                            "self": 389.68218570004194,
                                            "children": {
                                                "steps_from_proto": {
                                                    "total": 0.0005101999999999999,
                                                    "count": 1,
                                                    "is_parallel": true,
                                                    "self": 0.0001053999999999999,
                                                    "children": {
                                                        "_process_vector_observation": {
                                                            "total": 0.00040480000000000003,
                                                            "count": 2,
                                                            "is_parallel": true,
                                                            "self": 0.00040480000000000003
                                                        }
                                                    }
                                                },
                                                "UnityEnvironment.step": {
                                                    "total": 860.4132787999623,
                                                    "count": 118199,
                                                    "is_parallel": true,
                                                    "self": 14.33804359995952,
                                                    "children": {
                                                        "UnityEnvironment._generate_step_input": {
                                                            "total": 13.756004700005196,
                                                            "count": 118199,
                                                            "is_parallel": true,
                                                            "self": 13.756004700005196
                                                        },
                                                        "communicator.exchange": {
                                                            "total": 784.3003903000063,
                                                            "count": 118199,
                                                            "is_parallel": true,
                                                            "self": 784.3003903000063
                                                        },
                                                        "steps_from_proto": {
                                                            "total": 48.01884019999133,
                                                            "count": 118199,
                                                            "is_parallel": true,
                                                            "self": 9.991227900032307,