{
    "name": "root",
    "gauges": {
        "Walker.Policy.Entropy.mean": {
            "value": 1.3782572746276855,
            "min": 1.3782572746276855,
            "max": 1.431078553199768,
            "count": 14
        },
        "Walker.Environment.EpisodeLength.mean": {
            "value": 19.022044088176354,
            "min": 8.44622641509434,
            "max": 19.022044088176354,
            "count": 14
        },
        "Walker.Policy.ExtrinsicValueEstimate.mean": {
            "value": 1.4675395488739014,
            "min": -0.3906829059123993,
            "max": 1.4675395488739014,
            "count": 14
        },
        "Walker.Environment.CumulativeReward.mean": {
            "value": 3.298844649076462,
            "min": -1.1512340224498392,
            "max": 3.298844649076462,
            "count": 14
        },
        "Walker.Policy.ExtrinsicReward.mean": {
            "value": 3.298844649076462,
            "min": -1.1512340224498392,
            "max": 3.298844649076462,
            "count": 14
        },
        "Walker.Losses.ValueLoss.mean": {
            "value": 2.0929696559906006,
            "min": 0.6410912871360779,
            "max": 2.0992250442504883,
            "count": 14
        },
        "Walker.Losses.PolicyLoss.mean": {
            "value": 0.2463761568069458,
            "min": 0.2463761568069458,
            "max": 1.3080272674560547,
            "count": 14
        },
        "Walker.Policy.LearningRate.mean": {
            "value": 0.002959424862638116,
            "min": 0.002959424862638116,
            "max": 0.0029982151463627815,
            "count": 14
        },
        "Walker.Policy.Epsilon.mean": {
            "value": 0.19864746928215027,
            "min": 0.19864746928215027,
            "max": 0.199940487742424,
            "count": 14
        },
        "Walker.Policy.Beta.mean": {
            "value": 0.0049325088039040565,
            "min": 0.0049325088039040565,
            "max": 0.004997029900550842,
            "count": 14
        },
        "Walker.IsTraining.mean": {
            "value": 1.0,
            "min": 1.0,
            "max": 1.0,
            "count": 14
        }
    },
    "metadata": {
        "timer_format_version": "0.1.0",
        "start_time_seconds": "1589576648",
        "python_version": "3.6.7 |Anaconda, Inc.| (default, Oct 28 2018, 19:44:12) [MSC v.1915 64 bit (AMD64)]",
        "command_line_arguments": "C:\\Users\\natha\\Miniconda3\\Scripts\\mlagents-learn config/ppo/Walker.yaml --run-id=crawler",
        "mlagents_version": "0.17.0.dev0",
        "mlagents_envs_version": "0.17.0.dev0",
        "communication_protocol_version": "1.0.0",
        "tensorflow_version": "1.7.1",
        "end_time_seconds": "1589577043"
    },
    "total": 394.9661648,
    "count": 1,
    "self": 0.004476600000032249,
    "children": {
        "run_training.setup": {
            "total": 0.006259,
            "count": 1,
            "self": 0.006259
        },
        "TrainerController.start_learning": {
            "total": 394.95542919999997,
            "count": 1,
            "self": 11.420121000001757,
            "children": {
                "TrainerController._reset_env": {
                    "total": 7.0648022,
                    "count": 1,
                    "self": 7.0648022
                },
                "TrainerController.advance": {
                    "total": 376.0335937999983,
                    "count": 28643,
                    "self": 0.3264385999989372,
                    "children": {
                        "env_step": {
                            "total": 375.70715519999936,
                            "count": 28643,
                            "self": 349.2121100999979,
                            "children": {
                                "SubprocessEnvManager._take_step": {
                                    "total": 26.079180300000253,
                                    "count": 28643,
                                    "self": 0.9029452000015112,
                                    "children": {
                                        "NNPolicy.evaluate": {
                                            "total": 25.176235099998742,
                                            "count": 20531,
                                            "self": 25.176235099998742
                                        }
                                    }
                                },
                                "workers": {
                                    "total": 0.41586480000119685,
                                    "count": 28642,
                                    "self": 0.0,
                                    "children": {
                                        "worker_root": {
                                            "total": 386.2783306000026,
                                            "count": 28642,
                                            "is_parallel": true,
                                            "self": 138.70683490000317,
                                            "children": {
                                                "steps_from_proto": {
                                                    "total": 0.0005455,
                                                    "count": 1,
                                                    "is_parallel": true,
                                                    "self": 0.00010510000000000001,
                                                    "children": {
                                                        "_process_vector_observation": {
                                                            "total": 0.00044039999999999997,
                                                            "count": 2,
                                                            "is_parallel": true,
                                                            "self": 0.00044039999999999997
                                                        }
                                                    }
                                                },
                                                "UnityEnvironment.step": {
                                                    "total": 247.57095019999946,
                                                    "count": 28642,
                                                    "is_parallel": true,
                                                    "self": 3.6977164000027187,
                                                    "children": {
                                                        "UnityEnvironment._generate_step_input": {
                                                            "total": 3.3802160999997817,
                                                            "count": 28642,
                                                            "is_parallel": true,
                                                            "self": 3.3802160999997817
                                                        },
                                                        "communicator.exchange": {
                                                            "total": 228.36180959999544,
                                                            "count": 28642,
                                                            "is_parallel": true,
                                                            "self": 228.36180959999544
                                                        },
                                                        "steps_from_proto": {
                                                            "total": 12.131208100001526,
                                                            "count": 28642,
                                                            "is_parallel": true,
                                                            "self": 2.498368799994468,