Steps,Policy/Entropy,Environment/Episode Length,Policy/Extrinsic Value Estimate,Environment/Cumulative Reward,Policy/Extrinsic Reward,Is Training
3000,1.4189385,22.348837209302324,-0.004005417,-5.486659121699631,-5.486659121699631,1.0
6000,1.4189384,23.908333333333335,-0.004585873,-5.9786201049884165,-5.9786201049884165,1.0
