{
    "name": "root",
    "gauges": {
        "Walker.Policy.Entropy.mean": {
            "value": 1.5062180757522583,
            "min": 1.418938398361206,
            "max": 1.5062180757522583,
            "count": 200
        },
        "Walker.Environment.EpisodeLength.mean": {
            "value": 15.733333333333333,
            "min": 11.24793388429752,
            "max": 24.610169491525422,
            "count": 200
        },
        "Walker.Policy.ExtrinsicValueEstimate.mean": {
            "value": -2.046497344970703,
            "min": -2.5949606895446777,
            "max": -0.2226596623659134,
            "count": 200
        },
        "Walker.Environment.CumulativeReward.mean": {
            "value": -2.1526953606141936,
            "min": -5.747288450012057,
            "max": -0.9327000997339686,
            "count": 200
        },
        "Walker.Policy.ExtrinsicReward.mean": {
            "value": -2.1526953606141936,
            "min": -5.747288450012057,
            "max": -0.9327000997339686,
            "count": 200
        },
        "Walker.IsTraining.mean": {
            "value": 1.0,
            "min": 1.0,
            "max": 1.0,
            "count": 200
        },
        "Walker.Losses.ValueLoss.mean": {
            "value": 1.029068112373352,
            "min": 0.4831089675426483,
            "max": 9.515753746032715,
            "count": 29
        },
        "Walker.Losses.PolicyLoss.mean": {
            "value": 0.2391337752342224,
            "min": 0.2391337752342224,
            "max": 0.3539923131465912,
            "count": 29
        },
        "Walker.Policy.LearningRate.mean": {
            "value": 7.769356307107955e-05,
            "min": 7.769356307107955e-05,
            "max": 0.007726773619651794,
            "count": 29
        },
        "Walker.Policy.Epsilon.mean": {
            "value": 0.10097118467092514,
            "min": 0.10097118467092514,
            "max": 0.19658467173576355,
            "count": 29
        },
        "Walker.Policy.Beta.mean": {
            "value": 5.8461297157919034e-05,
            "min": 5.8461297157919034e-05,
            "max": 0.004829574842005968,
            "count": 29
        }
    },
    "metadata": {
        "timer_format_version": "0.1.0",
        "start_time_seconds": "1589500995",
        "python_version": "3.6.7 |Anaconda, Inc.| (default, Oct 28 2018, 19:44:12) [MSC v.1915 64 bit (AMD64)]",
        "command_line_arguments": "C:\\Users\\natha\\Miniconda3\\Scripts\\mlagents-learn config/ppo/Walker.yaml --run-id=walker_T10",
        "mlagents_version": "0.17.0.dev0",
        "mlagents_envs_version": "0.17.0.dev0",
        "communication_protocol_version": "1.0.0",
        "tensorflow_version": "1.7.1",
        "end_time_seconds": "1589502258"
    },
    "total": 1262.9995674,
    "count": 1,
    "self": 0.18073469999990266,
    "children": {
        "run_training.setup": {
            "total": 0.006464,
            "count": 1,
            "self": 0.006464
        },
        "TrainerController.start_learning": {
            "total": 1262.8123687,
            "count": 1,
            "self": 47.72439840000766,
            "children": {
                "TrainerController._reset_env": {
                    "total": 7.5178701000000006,
                    "count": 1,
                    "self": 7.5178701000000006
                },
                "TrainerController.advance": {
                    "total": 1206.8612874999924,
                    "count": 129754,
                    "self": 1.38535129999741,
                    "children": {
                        "env_step": {
                            "total": 1205.475936199995,
                            "count": 129754,
                            "self": 1125.0025598999512,
                            "children": {
                                "SubprocessEnvManager._take_step": {
                                    "total": 78.67009210003147,
                                    "count": 129754,
                                    "self": 3.30401640004618,
                                    "children": {
                                        "NNPolicy.evaluate": {
                                            "total": 75.36607569998529,
                                            "count": 100011,
                                            "self": 75.36607569998529
                                        }
                                    }
                                },
                                "workers": {
                                    "total": 1.8032842000123157,
                                    "count": 129754,
                                    "self": 0.0,
                                    "children": {
                                        "worker_root": {
                                            "total": 1251.3100160999998,
                                            "count": 129754,
                                            "is_parallel": true,
                                            "self": 327.90215609997927,
                                            "children": {
                                                "steps_from_proto": {
                                                    "total": 0.0004699,
                                                    "count": 1,
                                                    "is_parallel": true,
                                                    "self": 9.159999999999995e-05,
                                                    "children": {
                                                        "_process_vector_observation": {
                                                            "total": 0.00037830000000000003,
                                                            "count": 2,
                                                            "is_parallel": true,
                                                            "self": 0.00037830000000000003
                                                        }
                                                    }
                                                },
                                                "UnityEnvironment.step": {
                                                    "total": 923.4073901000205,
                                                    "count": 129754,
                                                    "is_parallel": true,
                                                    "self": 15.925183299997457,
                                                    "children": {
                                                        "UnityEnvironment._generate_step_input": {
                                                            "total": 14.765209000020558,
                                                            "count": 129754,
                                                            "is_parallel": true,
                                                            "self": 14.765209000020558
                                                        },
                                                        "communicator.exchange": {
                                                            "total": 841.9389260000111,
                                                            "count": 129754,
                                                            "is_parallel": true,
                                                            "self": 841.9389260000111
                                                        },
                                                        "steps_from_proto": {
                                                            "total": 50.778071799991324,
                                                            "count": 129754,
                                                            "is_parallel": true,
                                                            "self": 10.747450800030784,