{
    "name": "root",
    "gauges": {
        "Walker.Policy.Entropy.mean": {
            "value": 1.3863121271133423,
            "min": 1.3863121271133423,
            "max": 1.420474886894226,
            "count": 200
        },
        "Walker.Environment.EpisodeLength.mean": {
            "value": 26.272727272727273,
            "min": 22.58730158730159,
            "max": 28.702970297029704,
            "count": 200
        },
        "Walker.Policy.ExtrinsicValueEstimate.mean": {
            "value": 0.435834676027298,
            "min": -3.271061420440674,
            "max": 0.435834676027298,
            "count": 200
        },
        "Walker.Environment.CumulativeReward.mean": {
            "value": 3.8231929502703927,
            "min": -6.266204964811519,
            "max": 4.268141961333775,
            "count": 200
        },
        "Walker.Policy.ExtrinsicReward.mean": {
            "value": 3.8231929502703927,
            "min": -6.266204964811519,
            "max": 4.268141961333775,
            "count": 200
        },
        "Walker.IsTraining.mean": {
            "value": 1.0,
            "min": 1.0,
            "max": 1.0,
            "count": 200
        },
        "Walker.Losses.ValueLoss.mean": {
            "value": 2.884951114654541,
            "min": 1.6300171613693237,
            "max": 9.95997142791748,
            "count": 29
        },
        "Walker.Losses.PolicyLoss.mean": {
            "value": 0.025815363973379135,
            "min": 0.025815363973379135,
            "max": 0.046957772225141525,
            "count": 29
        },
        "Walker.Policy.LearningRate.mean": {
            "value": 2.7880056222784333e-05,
            "min": 2.7880056222784333e-05,
            "max": 0.002897584578022361,
            "count": 29
        },
        "Walker.Policy.Epsilon.mean": {
            "value": 0.10092932730913162,
            "min": 0.10092932730913162,
            "max": 0.19658616185188293,
            "count": 29
        },
        "Walker.Policy.Beta.mean": {
            "value": 5.6373653933405876e-05,
            "min": 5.6373653933405876e-05,
            "max": 0.004829649347811937,
            "count": 29
        }
    },
    "metadata": {
        "timer_format_version": "0.1.0",
        "start_time_seconds": "1589492570",
        "python_version": "3.6.7 |Anaconda, Inc.| (default, Oct 28 2018, 19:44:12) [MSC v.1915 64 bit (AMD64)]",
        "command_line_arguments": "C:\\Users\\natha\\Miniconda3\\Scripts\\mlagents-learn config/ppo/Walker.yaml --run-id=walker_T5",
        "mlagents_version": "0.17.0.dev0",
        "mlagents_envs_version": "0.17.0.dev0",
        "communication_protocol_version": "1.0.0",
        "tensorflow_version": "1.7.1",
        "end_time_seconds": "1589493826"
    },
    "total": 1255.7908163999998,
    "count": 1,
    "self": 0.17789479999987634,
    "children": {
        "run_training.setup": {
            "total": 0.006079200000000001,
            "count": 1,
            "self": 0.006079200000000001
        },
        "TrainerController.start_learning": {
            "total": 1255.6068424,
            "count": 1,
            "self": 44.54167870001811,
            "children": {
                "TrainerController._reset_env": {
                    "total": 10.799189199999999,
                    "count": 1,
                    "self": 10.799189199999999
                },
                "TrainerController.advance": {
                    "total": 1198.912552799982,
                    "count": 117588,
                    "self": 1.2082773999870824,
                    "children": {
                        "env_step": {
                            "total": 1197.704275399995,
                            "count": 117588,
                            "self": 1039.9243886999718,
                            "children": {
                                "SubprocessEnvManager._take_step": {
                                    "total": 156.18369900003773,
                                    "count": 117588,
                                    "self": 3.1917435000309524,
                                    "children": {
                                        "NNPolicy.evaluate": {
                                            "total": 152.99195550000678,
                                            "count": 100017,
                                            "self": 152.99195550000678
                                        }
                                    }
                                },
                                "workers": {
                                    "total": 1.5961876999853484,
                                    "count": 117588,
                                    "self": 0.0,
                                    "children": {
                                        "worker_root": {
                                            "total": 1240.9452348000511,
                                            "count": 117588,
                                            "is_parallel": true,
                                            "self": 404.9040405000694,
                                            "children": {
                                                "steps_from_proto": {
                                                    "total": 0.0004748,
                                                    "count": 1,
                                                    "is_parallel": true,
                                                    "self": 9.260000000000008e-05,
                                                    "children": {
                                                        "_process_vector_observation": {
                                                            "total": 0.0003821999999999999,
                                                            "count": 2,
                                                            "is_parallel": true,
                                                            "self": 0.0003821999999999999
                                                        }
                                                    }
                                                },
                                                "UnityEnvironment.step": {
                                                    "total": 836.0407194999817,
                                                    "count": 117588,
                                                    "is_parallel": true,
                                                    "self": 14.127526500030172,
                                                    "children": {
                                                        "UnityEnvironment._generate_step_input": {
                                                            "total": 13.396959400001679,
                                                            "count": 117588,
                                                            "is_parallel": true,
                                                            "self": 13.396959400001679
                                                        },
                                                        "communicator.exchange": {
                                                            "total": 762.2461691000098,
                                                            "count": 117588,
                                                            "is_parallel": true,
                                                            "self": 762.2461691000098
                                                        },
                                                        "steps_from_proto": {
                                                            "total": 46.27006449994005,
                                                            "count": 117588,
                                                            "is_parallel": true,