{
    "name": "root",
    "gauges": {
        "Walker.Policy.Entropy.mean": {
            "value": 1.3976287841796875,
            "min": 1.3976287841796875,
            "max": 1.4624640941619873,
            "count": 120
        },
        "Walker.Environment.EpisodeLength.mean": {
            "value": 28.08139534883721,
            "min": 21.48198198198198,
            "max": 30.211180124223603,
            "count": 120
        },
        "Walker.Policy.ExtrinsicValueEstimate.mean": {
            "value": 1.6326024532318115,
            "min": -3.0274319648742676,
            "max": 1.668296456336975,
            "count": 120
        },
        "Walker.Environment.CumulativeReward.mean": {
            "value": 4.639633497873018,
            "min": -5.9552000638766165,
            "max": 5.61702418679036,
            "count": 120
        },
        "Walker.Policy.ExtrinsicReward.mean": {
            "value": 4.639633497873018,
            "min": -5.9552000638766165,
            "max": 5.61702418679036,
            "count": 120
        },
        "Walker.IsTraining.mean": {
            "value": 1.0,
            "min": 1.0,
            "max": 1.0,
            "count": 120
        },
        "Walker.Losses.ValueLoss.mean": {
            "value": 2.305211067199707,
            "min": 1.2845455408096313,
            "max": 9.496944427490234,
            "count": 72
        },
        "Walker.Losses.PolicyLoss.mean": {
            "value": 0.16726547479629517,
            "min": 0.12933142483234406,
            "max": 0.983500599861145,
            "count": 72
        },
        "Walker.Policy.LearningRate.mean": {
            "value": 2.994517308252398e-05,
            "min": 2.994517308252398e-05,
            "max": 0.0029602746944874525,
            "count": 72
        },
        "Walker.Policy.Epsilon.mean": {
            "value": 0.1009981706738472,
            "min": 0.1009981706738472,
            "max": 0.19867579638957977,
            "count": 72
        },
        "Walker.Policy.Beta.mean": {
            "value": 5.980863716104068e-05,
            "min": 5.980863716104068e-05,
            "max": 0.004933923948556185,
            "count": 72
        }
    },
    "metadata": {
        "timer_format_version": "0.1.0",
        "start_time_seconds": "1589506356",
        "python_version": "3.6.7 |Anaconda, Inc.| (default, Oct 28 2018, 19:44:12) [MSC v.1915 64 bit (AMD64)]",
        "command_line_arguments": "C:\\Users\\natha\\Miniconda3\\Scripts\\mlagents-learn config/ppo/Walker.yaml --run-id=walker_T12",
        "mlagents_version": "0.17.0.dev0",
        "mlagents_envs_version": "0.17.0.dev0",
        "communication_protocol_version": "1.0.0",
        "tensorflow_version": "1.7.1",
        "end_time_seconds": "1589507572"
    },
    "total": 1215.4934491,
    "count": 1,
    "self": 0.18191289999981564,
    "children": {
        "run_training.setup": {
            "total": 0.0238301,
            "count": 1,
            "self": 0.0238301
        },
        "TrainerController.start_learning": {
            "total": 1215.2877061000002,
            "count": 1,
            "self": 35.68209559997263,
            "children": {
                "TrainerController._reset_env": {
                    "total": 9.9333547,
                    "count": 1,
                    "self": 9.9333547
                },
                "TrainerController.advance": {
                    "total": 1168.477982500027,
                    "count": 118217,
                    "self": 1.2246580000048652,
                    "children": {
                        "env_step": {
                            "total": 1167.2533245000222,
                            "count": 118217,
                            "self": 1059.8114708000603,
                            "children": {
                                "SubprocessEnvManager._take_step": {
                                    "total": 105.94349149999172,
                                    "count": 118217,
                                    "self": 3.6199413000015,
                                    "children": {
                                        "NNPolicy.evaluate": {
                                            "total": 102.32355019999022,
                                            "count": 100016,
                                            "self": 102.32355019999022
                                        }
                                    }
                                },
                                "workers": {
                                    "total": 1.4983621999702734,
                                    "count": 118217,
                                    "self": 0.0,
                                    "children": {
                                        "worker_root": {
                                            "total": 1201.5812581000148,
                                            "count": 118217,
                                            "is_parallel": true,
                                            "self": 377.3502934999983,
                                            "children": {
                                                "steps_from_proto": {
                                                    "total": 0.0005041,
                                                    "count": 1,
                                                    "is_parallel": true,
                                                    "self": 9.869999999999996e-05,
                                                    "children": {
                                                        "_process_vector_observation": {
                                                            "total": 0.0004054,
                                                            "count": 2,
                                                            "is_parallel": true,
                                                            "self": 0.0004054
                                                        }
                                                    }
                                                },
                                                "UnityEnvironment.step": {
                                                    "total": 824.2304605000165,
                                                    "count": 118217,
                                                    "is_parallel": true,
                                                    "self": 13.780135500019924,
                                                    "children": {
                                                        "UnityEnvironment._generate_step_input": {
                                                            "total": 13.059659200008745,
                                                            "count": 118217,
                                                            "is_parallel": true,
                                                            "self": 13.059659200008745
                                                        },
                                                        "communicator.exchange": {
                                                            "total": 751.060169700004,
                                                            "count": 118217,
                                                            "is_parallel": true,
                                                            "self": 751.060169700004
                                                        },
                                                        "steps_from_proto": {
                                                            "total": 46.330496099983804,
                                                            "count": 118217,
                                                            "is_parallel": true,
                                                            "self": 9.657428399959272,