{
    "name": "root",
    "gauges": {
        "Walker.Policy.Entropy.mean": {
            "value": 1.3547497987747192,
            "min": 1.3547497987747192,
            "max": 1.4449803829193115,
            "count": 30
        },
        "Walker.Environment.EpisodeLength.mean": {
            "value": 28.73997028231798,
            "min": 22.492361927144536,
            "max": 29.137048192771083,
            "count": 30
        },
        "Walker.Policy.ExtrinsicValueEstimate.mean": {
            "value": 1.7906302213668823,
            "min": -3.1049444675445557,
            "max": 1.7906302213668823,
            "count": 30
        },
        "Walker.Environment.CumulativeReward.mean": {
            "value": 6.338083930125386,
            "min": -5.711280427997152,
            "max": 6.338083930125386,
            "count": 30
        },
        "Walker.Policy.ExtrinsicReward.mean": {
            "value": 6.338083930125386,
            "min": -5.711280427997152,
            "max": 6.338083930125386,
            "count": 30
        },
        "Walker.Losses.ValueLoss.mean": {
            "value": 3.737365245819092,
            "min": 1.6669642925262451,
            "max": 8.008577346801758,
            "count": 30
        },
        "Walker.Losses.PolicyLoss.mean": {
            "value": 0.29137176275253296,
            "min": 0.14380154013633728,
            "max": 0.9242173433303833,
            "count": 30
        },
        "Walker.Policy.LearningRate.mean": {
            "value": 6.787008896935731e-05,
            "min": 6.787008896935731e-05,
            "max": 0.002940972102805972,
            "count": 30
        },
        "Walker.Policy.Epsilon.mean": {
            "value": 0.10226234048604965,
            "min": 0.10226234048604965,
            "max": 0.198032408952713,
            "count": 30
        },
        "Walker.Policy.Beta.mean": {
            "value": 0.00012289041478652507,
            "min": 0.00012289041478652507,
            "max": 0.004901817534118891,
            "count": 30
        },
        "Walker.IsTraining.mean": {
            "value": 1.0,
            "min": 1.0,
            "max": 1.0,
            "count": 30
        }
    },
    "metadata": {
        "timer_format_version": "0.1.0",
        "start_time_seconds": "1589511070",
        "python_version": "3.6.7 |Anaconda, Inc.| (default, Oct 28 2018, 19:44:12) [MSC v.1915 64 bit (AMD64)]",
        "command_line_arguments": "C:\\Users\\natha\\Miniconda3\\Scripts\\mlagents-learn config/ppo/Walker.yaml --run-id=walker_T14",
        "mlagents_version": "0.17.0.dev0",
        "mlagents_envs_version": "0.17.0.dev0",
        "communication_protocol_version": "1.0.0",
        "tensorflow_version": "1.7.1",
        "end_time_seconds": "1589512304"
    },
    "total": 1234.0510522,
    "count": 1,
    "self": 0.19823350000001483,
    "children": {
        "run_training.setup": {
            "total": 0.006332,
            "count": 1,
            "self": 0.006332
        },
        "TrainerController.start_learning": {
            "total": 1233.8464867,
            "count": 1,
            "self": 42.42484520000767,
            "children": {
                "TrainerController._reset_env": {
                    "total": 7.9122785,
                    "count": 1,
                    "self": 7.9122785
                },
                "TrainerController.advance": {
                    "total": 1182.2323715999921,
                    "count": 117589,
                    "self": 1.2983163999790577,
                    "children": {
                        "env_step": {
                            "total": 1180.934055200013,
                            "count": 117589,
                            "self": 1071.2458577000348,
                            "children": {
                                "SubprocessEnvManager._take_step": {
                                    "total": 108.14020189998962,
                                    "count": 117589,
                                    "self": 3.7625615999819075,
                                    "children": {
                                        "NNPolicy.evaluate": {
                                            "total": 104.37764030000771,
                                            "count": 100026,
                                            "self": 104.37764030000771
                                        }
                                    }
                                },
                                "workers": {
                                    "total": 1.5479955999887256,
                                    "count": 117589,
                                    "self": 0.0,
                                    "children": {
                                        "worker_root": {
                                            "total": 1222.2161005000125,
                                            "count": 117589,
                                            "is_parallel": true,
                                            "self": 385.27726729998756,
                                            "children": {
                                                "steps_from_proto": {
                                                    "total": 0.0005009,
                                                    "count": 1,
                                                    "is_parallel": true,
                                                    "self": 9.509999999999998e-05,
                                                    "children": {
                                                        "_process_vector_observation": {
                                                            "total": 0.0004058,
                                                            "count": 2,
                                                            "is_parallel": true,
                                                            "self": 0.0004058
                                                        }
                                                    }
                                                },
                                                "UnityEnvironment.step": {
                                                    "total": 836.938332300025,
                                                    "count": 117589,
                                                    "is_parallel": true,
                                                    "self": 13.604268300011427,
                                                    "children": {
                                                        "UnityEnvironment._generate_step_input": {
                                                            "total": 13.240865899996763,
                                                            "count": 117589,
                                                            "is_parallel": true,
                                                            "self": 13.240865899996763
                                                        },
                                                        "communicator.exchange": {
                                                            "total": 762.7984151000057,
                                                            "count": 117589,
                                                            "is_parallel": true,
                                                            "self": 762.7984151000057
                                                        },
                                                        "steps_from_proto": {
                                                            "total": 47.29478300001114,
                                                            "count": 117589,
                                                            "is_parallel": true,
                                                            "self": 9.425300200024516,